region,sector,city,city_display,slug,fr_filename,en_filename,primary_kw_fr,primary_kw_en
Monteregie,Haut-Saint-Laurent,Salaberry-de-Valleyfield,Salaberry-de-Valleyfield,salaberry-de-valleyfield,service-ramassage-salaberry-de-valleyfield.html,pickup-service-salaberry-de-valleyfield.html,ramassage d’encombrants Salaberry-de-Valleyfield,junk removal Salaberry-de-Valleyfield
Monteregie,Haut-Saint-Laurent,Beauharnois,Beauharnois,beauharnois,service-ramassage-beauharnois.html,pickup-service-beauharnois.html,ramassage d’encombrants Beauharnois,junk removal Beauharnois
Monteregie,Haut-Saint-Laurent,Les Coteaux,Les Coteaux,les-coteaux,service-ramassage-les-coteaux.html,pickup-service-les-coteaux.html,ramassage d’encombrants Les Coteaux,junk removal Les Coteaux
Monteregie,Haut-Saint-Laurent,Coteau-du-Lac,Coteau-du-Lac,coteau-du-lac,service-ramassage-coteau-du-lac.html,pickup-service-coteau-du-lac.html,ramassage d’encombrants Coteau-du-Lac,junk removal Coteau-du-Lac
Monteregie,Haut-Saint-Laurent,Les Cedres,Les Cèdres,les-cedres,service-ramassage-les-cedres.html,pickup-service-les-cedres.html,ramassage d’encombrants Les Cèdres,junk removal Les Cèdres
Monteregie,Haut-Saint-Laurent,Saint-Zotique,Saint-Zotique,saint-zotique,service-ramassage-saint-zotique.html,pickup-service-saint-zotique.html,ramassage d’encombrants Saint-Zotique,junk removal Saint-Zotique
Monteregie,Haut-Saint-Laurent,Sainte-Marthe,Sainte-Marthe,sainte-marthe,service-ramassage-sainte-marthe.html,pickup-service-sainte-marthe.html,ramassage d’encombrants Sainte-Marthe,junk removal Sainte-Marthe
Monteregie,Haut-Saint-Laurent,Saint-Louis-de-Gonzague,Saint-Louis-de-Gonzague,saint-louis-de-gonzague,service-ramassage-saint-louis-de-gonzague.html,pickup-service-saint-louis-de-gonzague.html,ramassage d’encombrants Saint-Louis-de-Gonzague,junk removal Saint-Louis-de-Gonzague
Monteregie,Haut-Saint-Laurent,Saint-Stanislas-de-Kostka,Saint-Stanislas-de-Kostka,saint-stanislas-de-kostka,service-ramassage-saint-stanislas-de-kostka.html,pickup-service-saint-stanislas-de-kostka.html,ramassage d’encombrants Saint-Stanislas-de-Kostka,junk removal Saint-Stanislas-de-Kostka
Monteregie,Haut-Saint-Laurent,Ormstown,Ormstown,ormstown,service-ramassage-ormstown.html,pickup-service-ormstown.html,ramassage d’encombrants Ormstown,junk removal Ormstown
Monteregie,Haut-Saint-Laurent,Huntingdon,Huntingdon,huntingdon,service-ramassage-huntingdon.html,pickup-service-huntingdon.html,ramassage d’encombrants Huntingdon,junk removal Huntingdon
Monteregie,Haut-Saint-Laurent,Howick,Howick,howick,service-ramassage-howick.html,pickup-service-howick.html,ramassage d’encombrants Howick,junk removal Howick
Monteregie,Haut-Saint-Laurent,Dundee,Dundee,dundee,service-ramassage-dundee.html,pickup-service-dundee.html,ramassage d’encombrants Dundee,junk removal Dundee
Monteregie,Vaudreuil-Soulanges,Vaudreuil-Dorion,Vaudreuil-Dorion,vaudreuil-dorion,service-ramassage-vaudreuil-dorion.html,pickup-service-vaudreuil-dorion.html,ramassage d’encombrants Vaudreuil-Dorion,junk removal Vaudreuil-Dorion
Monteregie,Vaudreuil-Soulanges,Vaudreuil-sur-le-Lac,Vaudreuil-sur-le-Lac,vaudreuil-sur-le-lac,service-ramassage-vaudreuil-sur-le-lac.html,pickup-service-vaudreuil-sur-le-lac.html,ramassage d’encombrants Vaudreuil-sur-le-Lac,junk removal Vaudreuil-sur-le-Lac
Monteregie,Vaudreuil-Soulanges,Pincourt,Pincourt,pincourt,service-ramassage-pincourt.html,pickup-service-pincourt.html,ramassage d’encombrants Pincourt,junk removal Pincourt
Monteregie,Vaudreuil-Soulanges,Ile-Perrot,L’Île-Perrot,ile-perrot,service-ramassage-ile-perrot.html,pickup-service-ile-perrot.html,ramassage d’encombrants L’Île-Perrot,junk removal L’Île-Perrot
Monteregie,Vaudreuil-Soulanges,Notre-Dame-de-l-Ile-Perrot,Notre-Dame-de-l’Île-Perrot,notre-dame-de-lile-perrot,service-ramassage-notre-dame-de-lile-perrot.html,pickup-service-notre-dame-de-lile-perrot.html,ramassage d’encombrants Notre-Dame-de-l’Île-Perrot,junk removal Notre-Dame-de-l’Île-Perrot
Monteregie,Vaudreuil-Soulanges,Terrasse-Vaudreuil,Terrasse-Vaudreuil,terrasse-vaudreuil,service-ramassage-terrasse-vaudreuil.html,pickup-service-terrasse-vaudreuil.html,ramassage d’encombrants Terrasse-Vaudreuil,junk removal Terrasse-Vaudreuil
Monteregie,Vaudreuil-Soulanges,Hudson,Hudson,hudson,service-ramassage-hudson.html,pickup-service-hudson.html,ramassage d’encombrants Hudson,junk removal Hudson
Monteregie,Vaudreuil-Soulanges,Saint-Lazare,Saint-Lazare,saint-lazare,service-ramassage-saint-lazare.html,pickup-service-saint-lazare.html,ramassage d’encombrants Saint-Lazare,junk removal Saint-Lazare
Monteregie,Vaudreuil-Soulanges,Rigaud,Rigaud,rigaud,service-ramassage-rigaud.html,pickup-service-rigaud.html,ramassage d’encombrants Rigaud,junk removal Rigaud
Monteregie,Vaudreuil-Soulanges,Pointe-des-Cascades,Pointe-des-Cascades,pointe-des-cascades,service-ramassage-pointe-des-cascades.html,pickup-service-pointe-des-cascades.html,ramassage d’encombrants Pointe-des-Cascades,junk removal Pointe-des-Cascades
Monteregie,Roussillon,Chateauguay,Châteauguay,chateauguay,service-ramassage-chateauguay.html,pickup-service-chateauguay.html,ramassage d’encombrants Châteauguay,junk removal Châteauguay
Monteregie,Roussillon,Mercier,Mercier,mercier,service-ramassage-mercier.html,pickup-service-mercier.html,ramassage d’encombrants Mercier,junk removal Mercier
Monteregie,Roussillon,Lery,Léry,lery,service-ramassage-lery.html,pickup-service-lery.html,ramassage d’encombrants Léry,junk removal Léry
Monteregie,Roussillon,Sainte-Martine,Sainte-Martine,sainte-martine,service-ramassage-sainte-martine.html,pickup-service-sainte-martine.html,ramassage d’encombrants Sainte-Martine,junk removal Sainte-Martine
Monteregie,Roussillon,Saint-Isidore,Saint-Isidore,saint-isidore,service-ramassage-saint-isidore.html,pickup-service-saint-isidore.html,ramassage d’encombrants Saint-Isidore,junk removal Saint-Isidore
Monteregie,Roussillon,Saint-Urbain-Premier,Saint-Urbain-Premier,saint-urbain-premier,service-ramassage-saint-urbain-premier.html,pickup-service-saint-urbain-premier.html,ramassage d’encombrants Saint-Urbain-Premier,junk removal Saint-Urbain-Premier
Monteregie,Jardins-de-Napierville,Napierville,Napierville,napierville,service-ramassage-napierville.html,pickup-service-napierville.html,ramassage d’encombrants Napierville,junk removal Napierville
Monteregie,Jardins-de-Napierville,Saint-Remi,Saint-Rémi,saint-remi,service-ramassage-saint-remi.html,pickup-service-saint-remi.html,ramassage d’encombrants Saint-Rémi,junk removal Saint-Rémi
Monteregie,Jardins-de-Napierville,Saint-Cyprien-de-Napierville,Saint-Cyprien-de-Napierville,saint-cyprien-de-napierville,service-ramassage-saint-cyprien-de-napierville.html,pickup-service-saint-cyprien-de-napierville.html,ramassage d’encombrants Saint-Cyprien-de-Napierville,junk removal Saint-Cyprien-de-Napierville
Monteregie,Jardins-de-Napierville,Saint-Bernard-de-Lacolle,Saint-Bernard-de-Lacolle,saint-bernard-de-lacolle,service-ramassage-saint-bernard-de-lacolle.html,pickup-service-saint-bernard-de-lacolle.html,ramassage d’encombrants Saint-Bernard-de-Lacolle,junk removal Saint-Bernard-de-Lacolle
Monteregie,Jardins-de-Napierville,Saint-Jacques-le-Mineur,Saint-Jacques-le-Mineur,saint-jacques-le-mineur,service-ramassage-saint-jacques-le-mineur.html,pickup-service-saint-jacques-le-mineur.html,ramassage d’encombrants Saint-Jacques-le-Mineur,junk removal Saint-Jacques-le-Mineur
Monteregie,Jardins-de-Napierville,Hemmingford (village),Hemmingford (village),hemmingford-village,service-ramassage-hemmingford-village.html,pickup-service-hemmingford-village.html,ramassage d’encombrants Hemmingford,junk removal Hemmingford
Monteregie,Jardins-de-Napierville,Hemmingford (canton),Hemmingford (canton),hemmingford-canton,service-ramassage-hemmingford-canton.html,pickup-service-hemmingford-canton.html,ramassage d’encombrants Hemmingford,junk removal Hemmingford
Monteregie,Agglomeration Longueuil,Longueuil,Longueuil,longueuil,service-ramassage-longueuil.html,pickup-service-longueuil.html,ramassage d’encombrants Longueuil,junk removal Longueuil
Monteregie,Agglomeration Longueuil,Brossard,Brossard,brossard,service-ramassage-brossard.html,pickup-service-brossard.html,ramassage d’encombrants Brossard,junk removal Brossard
Monteregie,Agglomeration Longueuil,Boucherville,Boucherville,boucherville,service-ramassage-boucherville.html,pickup-service-boucherville.html,ramassage d’encombrants Boucherville,junk removal Boucherville
Monteregie,Agglomeration Longueuil,Saint-Lambert,Saint-Lambert,saint-lambert,service-ramassage-saint-lambert.html,pickup-service-saint-lambert.html,ramassage d’encombrants Saint-Lambert,junk removal Saint-Lambert
Monteregie,Agglomeration Longueuil,Greenfield Park,Greenfield Park,greenfield-park,service-ramassage-greenfield-park.html,pickup-service-greenfield-park.html,ramassage d’encombrants Greenfield Park,junk removal Greenfield Park
Monteregie,Agglomeration Longueuil,LeMoyne,LeMoyne,lemoyne,service-ramassage-lemoyne.html,pickup-service-lemoyne.html,ramassage d’encombrants LeMoyne,junk removal LeMoyne
Monteregie,Agglomeration Longueuil,Saint-Bruno-de-Montarville,Saint-Bruno-de-Montarville,saint-bruno-de-montarville,service-ramassage-saint-bruno-de-montarville.html,pickup-service-saint-bruno-de-montarville.html,ramassage d’encombrants Saint-Bruno-de-Montarville,junk removal Saint-Bruno-de-Montarville
Monteregie,Agglomeration Longueuil,Saint-Basile-le-Grand,Saint-Basile-le-Grand,saint-basile-le-grand,service-ramassage-saint-basile-le-grand.html,pickup-service-saint-basile-le-grand.html,ramassage d’encombrants Saint-Basile-le-Grand,junk removal Saint-Basile-le-Grand
Monteregie,Agglomeration Longueuil,Sainte-Julie,Sainte-Julie,sainte-julie,service-ramassage-sainte-julie.html,pickup-service-sainte-julie.html,ramassage d’encombrants Sainte-Julie,junk removal Sainte-Julie
Monteregie,Agglomeration Longueuil,Varennes,Varennes,varennes,service-ramassage-varennes.html,pickup-service-varennes.html,ramassage d’encombrants Varennes,junk removal Varennes
Monteregie,Agglomeration Longueuil,Vercheres,Verchères,vercheres,service-ramassage-vercheres.html,pickup-service-vercheres.html,ramassage d’encombrants Verchères,junk removal Verchères
Monteregie,Agglomeration Longueuil,Contrecoeur,Contrecoeur,contrecoeur,service-ramassage-contrecoeur.html,pickup-service-contrecoeur.html,ramassage d’encombrants Contrecoeur,junk removal Contrecoeur
Monteregie,Vallee-du-Richelieu,Beloeil,Beloeil,beloeil,service-ramassage-beloeil.html,pickup-service-beloeil.html,ramassage d’encombrants Beloeil,junk removal Beloeil
Monteregie,Vallee-du-Richelieu,McMasterville,McMasterville,mcmasterville,service-ramassage-mcmasterville.html,pickup-service-mcmasterville.html,ramassage d’encombrants McMasterville,junk removal McMasterville
Monteregie,Vallee-du-Richelieu,Mont-Saint-Hilaire,Mont-Saint-Hilaire,mont-saint-hilaire,service-ramassage-mont-saint-hilaire.html,pickup-service-mont-saint-hilaire.html,ramassage d’encombrants Mont-Saint-Hilaire,junk removal Mont-Saint-Hilaire
Monteregie,Vallee-du-Richelieu,Otterburn Park,Otterburn Park,otterburn-park,service-ramassage-otterburn-park.html,pickup-service-otterburn-park.html,ramassage d’encombrants Otterburn Park,junk removal Otterburn Park
Monteregie,Vallee-du-Richelieu,Saint-Mathieu-de-Beloeil,Saint-Mathieu-de-Beloeil,saint-mathieu-de-beloeil,service-ramassage-saint-mathieu-de-beloeil.html,pickup-service-saint-mathieu-de-beloeil.html,ramassage d’encombrants Saint-Mathieu-de-Beloeil,junk removal Saint-Mathieu-de-Beloeil
Monteregie,Rouville,Chambly,Chambly,chambly,service-ramassage-chambly.html,pickup-service-chambly.html,ramassage d’encombrants Chambly,junk removal Chambly
Monteregie,Rouville,Carignan,Carignan,carignan,service-ramassage-carignan.html,pickup-service-carignan.html,ramassage d’encombrants Carignan,junk removal Carignan
Monteregie,Rouville,Richelieu,Richelieu,richelieu,service-ramassage-richelieu.html,pickup-service-richelieu.html,ramassage d’encombrants Richelieu,junk removal Richelieu
Monteregie,Rouville,Marieville,Marieville,marieville,service-ramassage-marieville.html,pickup-service-marieville.html,ramassage d’encombrants Marieville,junk removal Marieville
Monteregie,Rouville,Saint-Cesaire,Saint-Césaire,saint-cesaire,service-ramassage-saint-cesaire.html,pickup-service-saint-cesaire.html,ramassage d’encombrants Saint-Césaire,junk removal Saint-Césaire
Monteregie,Rouville,Rougemont,Rougemont,rougemont,service-ramassage-rougemont.html,pickup-service-rougemont.html,ramassage d’encombrants Rougemont,junk removal Rougemont
Monteregie,Pierre-De-Saurel,Sorel-Tracy,Sorel-Tracy,sorel-tracy,service-ramassage-sorel-tracy.html,pickup-service-sorel-tracy.html,ramassage d’encombrants Sorel-Tracy,junk removal Sorel-Tracy
Monteregie,Pierre-De-Saurel,Saint-Joseph-de-Sorel,Saint-Joseph-de-Sorel,saint-joseph-de-sorel,service-ramassage-saint-joseph-de-sorel.html,pickup-service-saint-joseph-de-sorel.html,ramassage d’encombrants Saint-Joseph-de-Sorel,junk removal Saint-Joseph-de-Sorel
Monteregie,Pierre-De-Saurel,Sainte-Anne-de-Sorel,Sainte-Anne-de-Sorel,sainte-anne-de-sorel,service-ramassage-sainte-anne-de-sorel.html,pickup-service-sainte-anne-de-sorel.html,ramassage d’encombrants Sainte-Anne-de-Sorel,junk removal Sainte-Anne-de-Sorel
Monteregie,Pierre-De-Saurel,Yamaska,Yamaska,yamaska,service-ramassage-yamaska.html,pickup-service-yamaska.html,ramassage d’encombrants Yamaska,junk removal Yamaska
Monteregie,Pierre-De-Saurel,Massueville,Massueville,massueville,service-ramassage-massueville.html,pickup-service-massueville.html,ramassage d’encombrants Massueville,junk removal Massueville
Monteregie,Pierre-De-Saurel,Saint-Roch-de-Richelieu,Saint-Roch-de-Richelieu,saint-roch-de-richelieu,service-ramassage-saint-roch-de-richelieu.html,pickup-service-saint-roch-de-richelieu.html,ramassage d’encombrants Saint-Roch-de-Richelieu,junk removal Saint-Roch-de-Richelieu
Monteregie,Les Maskoutains,Saint-Hyacinthe,Saint-Hyacinthe,saint-hyacinthe,service-ramassage-saint-hyacinthe.html,pickup-service-saint-hyacinthe.html,ramassage d’encombrants Saint-Hyacinthe,junk removal Saint-Hyacinthe
Monteregie,Les Maskoutains,Sainte-Rosalie,Sainte-Rosalie,sainte-rosalie,service-ramassage-sainte-rosalie.html,pickup-service-sainte-rosalie.html,ramassage d’encombrants Sainte-Rosalie,junk removal Sainte-Rosalie
Monteregie,Les Maskoutains,Saint-Damase,Saint-Damase,saint-damase,service-ramassage-saint-damase.html,pickup-service-saint-damase.html,ramassage d’encombrants Saint-Damase,junk removal Saint-Damase
Monteregie,Les Maskoutains,La Presentation,La Présentation,la-presentation,service-ramassage-la-presentation.html,pickup-service-la-presentation.html,ramassage d’encombrants La Présentation,junk removal La Présentation
Monteregie,Les Maskoutains,Saint-Barnabe-Sud,Saint-Barnabé-Sud,saint-barnabe-sud,service-ramassage-saint-barnabe-sud.html,pickup-service-saint-barnabe-sud.html,ramassage d’encombrants Saint-Barnabé-Sud,junk removal Saint-Barnabé-Sud
Monteregie,Les Maskoutains,Saint-Jude,Saint-Jude,saint-jude,service-ramassage-saint-jude.html,pickup-service-saint-jude.html,ramassage d’encombrants Saint-Jude,junk removal Saint-Jude
Monteregie,Les Maskoutains,Saint-Valerien-de-Milton,Saint-Valérien-de-Milton,saint-valerien-de-milton,service-ramassage-saint-valerien-de-milton.html,pickup-service-saint-valerien-de-milton.html,ramassage d’encombrants Saint-Valérien-de-Milton,junk removal Saint-Valérien-de-Milton
